id,screen_name
758167453922918400,lsmaeISG
2423839256,Yojamariajose
4924418806,LifeorBear
19324300,patokike
833374219316649984,gran_vehiculo
2816637533,NicojonesPUCV
597107062,Fabiola_Parra_
916828028579319808,krlitos961810
954500460,caespinozall
145893364,rojas_jp
2791187705,alej_zg
138212018,MabriSolis
501296910,kingofsvvords
912291830196310016,DiegoJansen666
2354984838,Carteronald
188428250,ccapdevil
1289324060,PaulaVallejos81
538224427,UribeFco7
48930978,carlonchocho
84303990,ricardoinostroz
735298748893560832,UC_Maniaco
64095166,Paulinaroa
150779107,ja_pul_um
491742776,hetairaa
181994038,SitaJoc
35270253,soy_decente
1924967604,Jojosemorenot
302873557,Camilonate
391048810,victorleon1917
2382966420,grafica_s
156042432,carolinaramosv
758471054574616576,JuanSudaca
41623029,rotarola
142137924,egodoy91
920136522086699008,YnesSanc
349042769,Rocio_Alvaradoa
159694792,Mapachefanfaron
60442668,jcolomac
837497080847429632,ViceMuhlenbrock
15485572,jraulmonterob
124629218,AngieBaeza
3153778206,ricardoriquelm
106757531,KaroEquis
722130622924386304,JeanetteOrozcoM
560622495,octaviodfb
229557852,c_alarconm
1046615497,davidri76170738
3300509895,booker_dewitt88
11970232,joaquinurrutia
296420199,_VaNe_MP
802362722,xredxragex
1567137751,AlexHenryCh
2435945204,ricardodi58
469527953,Eulaiooo
2751946185,MarcoCastrox
1461085134,CPixarr
917042591090212864,CochecoLeiva
539648178,empananda
48800865,AntoCattaneo
704340596316631040,eJusticiaSocial
907987597582065665,JuanIgnacio6823
784059602614751232,Alexmrivas
3310926796,zombefuck
877242782611628033,felipe_gy
85914180,gobrarefro
2195017922,railiira
860340152,sebofernandez
255788906,thesyntaxofkiss
100401112,solecristi
896801447047835648,FuhropC
420487707,gaboconve
421434972,tatanbulla1986
894002997646307329,OmarIgn14070232
109844462,victor_maturana
615618242,ampliadodeltren
229680811,hvaldebe
801591867372617728,Gabriel_NS6788
875717300992827392,lafrenteamplia
4571297241,Lobaestepariar
81750057,Bosquino
2867387882,afro_samuel
252468034,monterolenrique
4168922662,gastonarcep
3406748867,EPA_Chile
165546554,CLorcaD
298821922,ZvGonzalo
917444809782153217,Vbelen_S
76953030,aurevoirshoshaa
910967593678393344,san_sixtor
855158912361926656,APiliflyFlying
831129545562550272,marjose68
909994543944171520,quimantu11
1877860754,felipe_nazar
917214972467392514,gsanhuezasolis
368709438,campodelaureles
746149268,SJouannet
916873695305531398,Claudio57716754
107230847,pedr0nunez
917222127379591168,vak_aspiradora
915424605573206016,Rodrik001
id,screen_name
839676626891845632,Josefa3escarate
917208336868790274,Game_ON_YT_2004
1005333362,jRamosUC
767148172758179840,Carmenmonteci10
917213690839158784,PanchoBravo3
149316296,jorgehacheds
902024458524917760,EduardoManuelJ2
185258179,rubenanfur
734548849738559489,elmasjulero_cl
917161932901187584,roxannazusko
841221237498077184,vicho1162
758518770272985088,crissalgado98
2826425045,maltrainzz
35907582,karinatapm
814140264,TatianePintoNer
337428092,valetbdt
1252030322,CamiCVillaflor
758121468630892544,VespucioOriente
1371173982,Rozas_Filo
868145336522612737,HctorVerS1
328543007,AquilesU
2904461920,videlanoi
222628600,gomez_lamana
738356770897317888,ElIslamista7
172897664,Nachogalarce
905208081658892292,JacanabeGroup
853115212983095296,Evalunarc
1578747992,worldxian
88038251,pumpullo
3376676278,JoaqoxVergara
217472438,amaia_hs
217918109,danielmunozs
856148831683182592,Carloszuritato2
364466246,maxtinez
157529216,PabloDuranR
554810640,manuriverosmu
916319032424398853,urbina_florenci
746046143772131328,terantropus
2534022637,AgusHackwa
3233955371,BascurChile
23094911,SantiagoTimes
106305214,emunozp
1876243272,HijodeKoopa
2772742228,rodrigo8411omar
51946258,rolandofloresi
2255823092,sparrow_6
262366643,n_satch
96617450,nicotobar
59149207,PanchoLyon
915645369320710144,AleHern27857429
313025779,polifeliz
410216118,maldbast
915000691390808064,samfu953
2617356032,RaulArenasM
841067173552504832,Nacho_GonzalezB
262692945,ColegioProfes
907180320,aledelafuente20
383373702,juankalvarez09
784531232,ketty2409
910079626755530753,Mauroro40808633
2662354653,felipisito
122398054,paulina20005
105947983,pablooyanedel
568214854,Don_Cani
157491627,jpfs7
97075002,JavierOpinante
234632783,raistekk
1945773494,Generacion__Y
129893090,Mario_Zam
117132859,jacruces
857572860,lbenitez000
251705756,MatiAg2ro
73239287,Diegofola
189716011,jackiesaezroman
72915107,Javierchile7
913374536288129025,BaudoinSergio
15362369,pichitaa
338770001,bersarkel
168972283,nicofreire
49225081,pablomellado
561443023,sp42598
113691620,Hdecristo
162160302,juan_acosta_a
437827912,titangoigo
908360140579110912,Guiller71376216
452609209,Desfaxatada
128712775,janoguti
253076999,agenciaunochile
751363543,Eduardobiblio
915116209389096960,CristianGuitSka
39873182,frsaldivar
125471460,Andyralh
914917148912472070,A_Ramos_1999
914268712613679105,jvilaplanag
914297687117312000,sssvshi
801916482,clfremen
53941457,chileliberal
3319555785,politicaestodo
707181692,CristobalHenri2
31754399,mretamal
id,screen_name
115125956,estebanyque
106574116,JFcoFuentealba
54073499,SalvaUlloa
850907542188380164,vladibaquedano
16602131,tamypalma
901639206233137152,Vctr1500
914791827160682496,albornoz_elvira
32806841,kuyano
971877414,WichanMapu
904830237233610754,catchan2politic
213765963,gillibrand14
914192121422385153,ErickFloresCab1
191258520,nanny_54
39193609,fouckault
229121232,kaiopex
2999061130,SofiCifuentesG
146312203,amigopancho
125554064,GarinaZoo
835530507542757380,Lorebelenz
75884043,toto_rodrigo
97493388,ricardogamonal
113415954,fmontecinosc
913200666272612352,Edulop735
744321862944030720,NatividadCPF
786746631609810944,MariaDe93026182
140953488,MigD2010
111476588,javier_morenon2
27897615,maikelhurimilla
44380129,Lufuki
1277864569,FranciscoMeloVI
869162907107459072,marmaduke1878
160758231,madamablood
177763101,MIzquierdoP
1395889729,H3ct0r4ndr3s
1483563366,MeniPonce
841843622886674432,cafeyletras_33
924233454,juancastillonh
121645975,acostadighero
222312786,claudiochillan
61094080,RodGuerrero87
122109374,Osvaldisimo
51279129,sergiorellana
145457043,ChrisMan70
115258795,arpeggi_
721539774,daniel_subiabre
164430336,MarcoBaudelaire
175177100,alvaro_lois
261246820,gaboramirez
73773140,franciscoreeyes
33517877,p_ward_ramdohr
4137889150,claudiarhoz
71042987,robertmondak
91456324,felipe5234
623356705,tome212121
977350933,Toyita38
864344809258930180,Pau_SantTer
78976332,maguirrerojas
311684702,wuinters
914651261189967874,sofia_zanartu
4800849015,douglasmarxtins
559958009,get_sigma
93350821,jaisenverg
174122635,oraadz
85475605,calvarez_munoz
818146734035582976,mordiendoHielos
43779286,purospalos
906597969667018753,LuzACUA11
104188696,FrancisParra
805837306729000960,samuel939393
94010296,mirandabravo
3621212543,felipegodoy_nf
905082826076377088,PoliticosJuegos
1354266835,guitarrafusil
886144973871210496,1808enb
132572297,asociacioncrear
910164442243112963,Conchetulele
254215521,maginho10street
351717004,Sky_Brito
879546378179018752,LucianoRivarosa
1586287452,AyudaMovistarCL
213084237,Gianfranco1312
18425373,metalunder
126487459,pattycarrillo
100841963,fraancisterna
911792385205645312,Nancy05432507
97305372,El_MigueSol
877916011974078464,JorgeH1968
302673898,alejandradidier
239925300,jtalvarezsmy
887796760655122432,ChileEncuesta1
908445914112675840,MarioMo69952492
31229382,JorgeLatino
319893183,emedeche
910877615933853696,nicola_hadwa
121248310,kallo_92
57352160,hansfiebig
907435536691945472,gabrieljhoan3
3006534406,GerardoGerry363
913097477405908994,MiguelUnchained
891275889836793857,vidal_draw
id,screen_name
3396374722,changomorrino
713558774,don_guau
62000981,MutanRashen
122085122,elPelto
143032929,mpradovorpahl
56883537,kuri_che
614863736,_PabloCabanasC
1454314987,_pulgatorio
339772841,MonicaJavieraa
2329606986,GHdezNeumann
69323366,pampueror
913711000939061248,jvillaloboscar
120276000,PoiSoldat
117435257,edocamilla
81477336,CPCiudadano
129565748,marioseba
86611094,francofsc
16917755,FJ_Meneses
104316599,chernandez08
279385657,francomirador
913579812438118400,Javieraobal
770673889,mcastro95
900483272521723905,Fleto_Muriatico
162249130,Betelgess
3430811188,muoremoises
2751977667,sylarqwe
52128344,cotatorres
2593346480,AngelicaSilvaP
272264549,Marilizconzeta
123955818,colortemblor
488442885,hector_rome
225662708,vane_teacher
195956504,M_kmpus
844666834406248449,Gugazul11
222131336,marcos_se5
85399658,RobertoMandinga
173625418,Crisarriagada
555661748,juanmolinae
843848995374022656,joseairazabal
2688470342,SebastianMGA99
119479607,rimardon
830787247750389760,VicenteGuzman40
747154782717108224,Naturalblondy83
803788698034831360,zzapilote
3408693087,__oMac__
3053230075,aqwertyuiop19
125378646,Asgardh
3734090056,Yhondedios
4302642132,holasoy_eldiego
820411535302463492,lvaroheredia
80313943,jm_hoffmann
841716143614238722,mireia_bcn_
2422046029,PaloteDePericos
81640452,nicomarshall
3240352997,JaimeFilgueira
897052984336674816,SigifredoMayer
3612819754,Estupidokiltro
878023136163266561,pachacutec420
102728012,negrominay
880575465462919169,JoseGom55692625
45172226,tolerranciasebo
808856219582660610,crojasalse
906549106449010689,MariaVa54108512
84736845,RicieriM
280752564,rodrigourquiola
31028029,IsaacHG_
912133008420933633,marcy_veronika
2551015171,montielcarola
223232470,JuampiVEN
913226878214983681,ReneNue68598372
3908249595,Mariozp18
456081060,lupita_2006
631594586,sergiozeml
1581925352,fernandopulos
531370274,Miguel_Bascur
103059095,rodolfopereze
4098085875,fumafumapasa
512301777,pmillacura
124141553,Miriamazocar
1140603234,J0rgeMonares
892662441104068608,RPizero
801112947619729408,Funkberto
4768852353,septicvicho
105829083,_espinozaduarte
97929612,loscarnoel
108528037,El_Tronico85
49513831,FernandoAgustin
912446796823220225,Nicotes12
912382175353479170,PSinAnestesia
1440044156,m0z4ikk
910691930153025536,Pazmurua1
564876814,TutoChandia
402784870,alvarogonzale61
830788329490771969,DaanBeckers
234577225,Baocarcamov
142549259,Querefon
3222597068,AlejandroYhVh
261091583,j_diazg
235232047,Pjacobi
2654613954,Matyas5110
id,screen_name
780933858900533248,danoparada
3371961994,PBorvaran
3033444143,holymxgconn
911006757861888000,sotojuansoto10
69205712,sebasax
66548062,FdoLlancafil
234556081,Xavidelcerro
59132097,rulocontreras
268975706,vicentesm1997
360614064,jvcdsatelite
118865514,caroagi
2962171815,un_tal_castelli
100269817,JuanToroMarty
225167272,cristobalturron
2318868685,Miguelosapbe
230827085,dkarmelic
102423500,trinibiggsm
254195101,valentinacd
209878827,_AdrianoVentura
911369924513337344,barros_g_cris
302922111,rodrigo3moller
1426709912,MadariagaLlerfo
308181659,juanmoyac
96670015,profesor24horas
416642724,Franxobueno
157752140,ijofre
1629164946,Uli_Hiparco
3289473958,mininadark40
69416469,Juanpablo_baeza
32178038,noeliajerezb
2363184036,CapIvansotom
1945049288,NaschlaA
742080202394734592,r_carrascoj
119183730,MottaGol
793274934541910016,keithletcher1
113198359,5sindicato
74370238,jose_espinoza_
57143253,ivan_ramirez_al
157545444,jsoyaneder
92592477,afuentealbaf
750941616492388352,FrancoManzano5
839152995732434945,JeanRislo
233262763,alonsotorres93
277330769,gab_matallana
104959191,EmolTV
118919871,FdoEstevez
49899601,pancho_jimenezd
836242154259427328,tiocarloto
30749665,vodkatonica
102649651,Costillar
392325775,VialPedro
48879481,andresp48381134
776529552470343680,yeti_oc
201505195,pizarrosalinas
703792830901313536,AF_Medina
168519295,SebaSMateluna
67348412,ChileKits
2955736421,v_ereche
876653701544509441,LvaroMB
206014124,BushinAction
38967270,Benjamin_Concha
910887666169851904,marcelatitas
911001181094367234,borismellacarr1
896069228,ichig0tchi
119163153,HMFemprende
66224083,cata_figueroa
159571950,PablitoMolina
63615190,unosur
187379556,FOrtizSalinas
910690505876373506,comentista1
1180719247,MigueRecabarren
379443141,danyparraguez
166014621,perekan
59331251,iegarcia
874736884265746434,AntiPoliticOS_1
883317537546653697,macacosmonauta
183479210,TrufaUC
64015635,gonsanma
855984237085937664,Pmp0000pmp
112226347,loidaparra
64285338,DiegoHidalgou
208709802,leecheverriad
308004455,JavierCordovaC
897619507262476290,jonatha91204036
1139457373,jdsaldias
780561913570668545,carlosorm1
1134346818,puentedechacao
911551789,elRodrigoDuran
195796746,Leo_Aguilo
1004771317,JoaqunLepe
372263539,candepiti
362083100,AndrettiLoino
739612358,McdonnellBuller
264160604,Jose_Orellana_E
884241423679311872,RubenAraneda3
910869797495328768,TheRegidor
2467728193,_paudi
902179642802622464,QhapaqNan_Chile
809451698133549056,A_MendezD
267206463,diegobravorayo
id,screen_name
3580520429,ProgLoCortes
742506108770779136,IzquierdaRev05
314720573,Nimodu
128977251,manedahuabe
473886187,Leo_ab27
81949573,priquelmestepke
3103133981,barbaraluciern1
151941666,pablodiazdelrio
1434023324,pepelaboralista
843642789279752193,BeaSanchezYTu
161721944,hfsalazarp
2817768874,axelasvelasquez
65268179,fjvagabundo
363371688,isra_vasquez
104291581,gonzaloignacioh
45909047,ggatti
907707941104517122,LuisZapataMuoz1
3073538786,illarita20
521850094,Carlo_Dante
844646132269633537,Fredy89955810
355070455,roizz
314574609,AgustinWalker
91837728,hansenmoscoso
32917787,Rodomas
881614296941309956,Felindres9
127147166,panchocarras
215093585,Cmartinez15
61282579,gvial
901697389903450114,CamilaVillabla5
2329710984,catafcl
798160986,GermanGqnzalez
384590053,___Clau____
478233916,FelipeMelendes1
295377853,gerardx29
486207190,julio_sanmartin
910310593856389120,BazaEspinoza
214261329,ccofrelota
151078541,alep2911
3320368247,Nykolaz_Djat
305890354,ximevalv
95291875,vivoamanecercl
54090857,martinocogarcia
2735892259,frida_mesah
824015701660889088,fraktaless
64431018,dondeelcristian
175412446,mapascompass
118650781,Valezka38
230060927,wlemar
909028389234839553,Paola03564066
89090706,LifeAsChriss
736129747575558144,CaviedesRivera
162963635,richard_Ing_2_0
3150971523,chelo_chelo13
793313503658516480,S_S___________
946846394,underground_tm
54038798,Avellaira
950566422,lincopn
103926202,koke_tapia
128773997,LOKOMOTORATRIP
235701551,Broodaspriest
909160461106651136,Taxista01598791
907814575965433857,AntiPUC
874479388515065856,diegobrizuelac_
394399898,CristianJure1
2311203900,migdro
93439771,ce_dobleve
226052829,yamir_eltoro
1328289043,Blaslobos
67831535,SitaAbernathy
90618384,DValdebenitoA
33754164,fakundorios
237025134,_profelipe
182044615,JGALDAMES10
39656730,madcoCL
100209286,DiegoLAC91
296519142,Vuf_
592486006,jrique1991
4828003809,xabiermorenoc
137482968,alita_depez
877595401645412357,Maidaabh
438087074,PedroKbzon
33298794,Mario_bajista
103150611,jpbarrios
147370459,mario_mecanico
3126976713,MathiDisidencia
866509565185187840,Hernan_verav
76876243,jbarrientos08
879485455712092160,olate_teresa
311807952,Fran_BascunanV
725145630411227138,inside197411
874854673991307264,barahonasebasti
633401498,Alonso_00007
71167700,Alercejlss
529623477,patagoniaandin1
57057423,ale_rehbein
758682481,SergioAlejo7
895281389330976768,Carmen95505091
99097775,NATMIROS
1926762630,lceballos7
94212988,marianoasecas
id,screen_name
606355832,ReneeFresard
910694683101339648,despierto_duran
100836413,driverosf
121494305,JuanCristtobal
177819277,RodRettig
580152590,alvaro_tole
226434133,clserran
48480700,alfsilm
537229464,koopel1981
457146314,chicodelajara
909812601076383744,Yerkoco
187267965,Fernandasotop
396321101,BarbaraSotoB3
773188477718593541,inakikps
51818277,Fredyedgardo
107475598,rocketorusia
910697664991432704,ajguzh
3301834966,lita_1973
2896969075,SangMarcelo
64599375,YasnaCortes
40186423,Ojo_multiple
226015622,MafaldaUA
544749636,odilesmouth
1278662526,JoseEusebio78
93615020,oskarprieto
894945748579753985,MerelloMario
225124223,gabrielfloresok
4870941387,FabiiMen
910693381285797889,Leonard08581874
2799488747,LLlaulen
170075477,Geraldcm94
4295391081,ignacioschmidtj
76192975,peterfalencia
83705290,caritofugaz
32126693,c_astorga
1719933732,reymon1810
96171938,MaxiStone93
908047975619993603,CarlosbuguenoM
12811342,robinsonmg
66181832,ArturoGonzalezJ
470447546,felix_venegas
324687424,Clau_HernandezC
2732213751,MedinaVale11
910696481144832001,MichelPrezLzar1
107499632,pollitonormi
2221603580,CarolCholyrun
160001405,JohanaPaola70
64749360,llanquihuano
38006923,sebarivasv
30518743,guata2112
1406684184,rcaceres1
125568011,yellowcl
236826812,cris_xre
231420362,joecontras
1645788686,Rodrigomunita
907467833369493504,YarmaxPK
117892463,Crissmariana
74515574,BstnOrtizAising
910287586081542144,BorquezEladio
3344985028,Patrici02083494
31661139,vircob
800885667840528384,Francis04875252
516883026,lavidamagik
1012037204,Giopratosalas
112897549,ke3ko
497042773,nacho_oliveri
275565159,donosocarlos
298811388,Manika350
31405634,asimosmi
231912995,Pablocister
871732374140321792,LuchaAnabalon
221716854,PepaPlazaGodoy
794524223272325120,cristianmlopezc
69205793,Pamelei
54250654,nefta_lorca
212086467,tabogonzalez
473986293,DanitAmparo
716871575,Coyote_2014
319805010,daniel_vargasd
891853951804592128,IreneArmijo8
92904871,segundo1975
73428007,ComunidadMujer
883836559375597568,Ignaval_
2253213650,VozDeToco
2187344640,RobertoValder10
88680097,k_lixe
2187492312,DevotoJuan
838961586,maurolnlonline
63583997,edosan1
64423811,MNHNcl
901910153594900480,Rubencorsal
169102475,cristianwetzel
582804703,AlbinAZUL
910481295431651328,WilufK
234738076,_cepd
96783435,cjimenezriv
41628063,ximeveliz
122704078,ironman_3_16
859120259667820548,RodrigoGodoC
823362309682765828,katherinepleiva
id,screen_name
2468242321,jsplaza1
351917534,Pato_MorenoB
707292938481618944,RaulSebastianB
3297359765,diegofaram
171714855,caroelco
67038736,chripalma
896495144236716032,JoaquinRBurgos
2236391636,miranditaas
858435375395688450,Ignacioaranci14
118071173,Paolaraneda
872034127,safa190104
277158800,_matimo
335360872,aleluhr
181467837,miancoro
4520817862,ale_bustamanteb
729850228405374976,rthcardo
3303415787,cedenoizq
336757048,cocaabarza
1586742205,JDelgadoburgos
134968663,NicoVillanuevaB
129247252,pablonavarroare
920185543,extiranorezillo
340035064,laryvima
835920293537411072,antifa_rojo
201994335,cristianpin8
256984919,nvalenzuelat
2826709319,jp_btool
58662376,OSCAVALENZUELA
825560895883448320,andrescofreg
2263314500,Mariogatuno
470711787,BeytiaOscar
1223279736,gabo_15_xd
36495619,friayapatica
1026784915,camilom91730283
325633839,Clau_Bosco
95314018,LUCHOCU
90067159,Maxivegamundaca
45652759,cristophersoto
1024336038,PaolaAveggioK
2873775178,chelogonzalez02
3326046591,RepFederalChile
612245374,DiegoRosas08
323620408,frani_paz
99544791,anais__vale
759233522800427008,faundezluciano
427696544,rodrigo_silvagz
869037132,vichocanitrot
778777630443184128,PintoCaterin
900418740797538304,EvelynOrell
904117527458045953,HectorN33459678
183293836,pcherreran2010
93728729,Activistacultur
832512595,Keyko_24
3221731000,svergarai141
195670054,juanpa_cortes
81692972,Felipe_ign1
1920068838,claudiochendo
171273593,Lospalote
79866265,juanj0gonzalez
219180660,r1c_r1c
117610428,DanitaCarreno
64905286,FRANCISCALOMI
1171051512,nc91_
130639361,fkastro
3390009592,Fpoliticacl
2918889129,PsykoAlejo
872991648241909761,Cristia75127561
69641667,JecaLibertaria
303540969,David_Munoz_
307615981,maidaguerrerom
162215369,TheoValdivia
55240304,Luispintogodoy
139841744,ignafernandezg
338584980,huasitodecampo
854729329217081345,Job_Montecinos
3365946897,angel_amestica
823495117340282882,cdsmujica
118386190,rhbustamante
32754385,DMatamala
54310455,casildamerino
101661195,srtapepperete
815916038,JorgeArriagada8
884971641087959040,agonzalezm1989
52341001,solevargasb
274717526,JordiAlexValen
181756398,katty_maldonado
113271605,cristianv_78
18533645,Claudiobarrien
79561599,caneoc
95949372,polasaavedrav
910286701133787136,Magio025
1375865821,Rerg190
897182604218249216,Ornelillaa
96607334,RealPango
838781478456688644,PalominosHaddad
3037274423,Sawt_Moqawama
320027954,HorDiaz
752557052715790336,raulbus32406231
834415644389031936,Alhe_AC
898367307214450693,pragmatiqo
id,screen_name
909541031049400320,csresearch_uai0
395623087,arrobanelsong
174403302,under_sonic2
40137666,miguelfen
349463101,PabloPradop
173854967,rockocl
909137722203344898,PautasAND
909090214198546432,Piaya23
964182960,felipec917
768586111220322304,JaimeRobertoDi4
2151627056,BOlivaresZ
3619848736,voiesansissue
58862172,HenryZenteno
908014220968710145,vtmunoz
367477448,gatubelanegrita
3625687937,AxelSugHH
34044360,amnistiachile
4477188748,rexinutilis
95810116,LucyvanPelt_the
202360555,OscarObreque
725758700200321025,sebanf94
440866861,xtkine
816854072015933440,ElpabloLeon
168259644,natalorum
332846610,smassas
104567057,Kamilugat
888054566,Jor_Life
864167508772892672,Axel_Poque
824265796574646272,llamameaburrido
908519000027607040,RobertoOvalleM
1938817111,lomejordejose
366409957,marcelo_macp
908516339165401089,MoliRobeeto
497361372,ChavezMarianjel
139934165,victorcardenasp
1157116543,Alvarezabarca25
1388187800,Javii_Riveros
108787072,_Nilfheim_
730773427204816897,lilyserranosilv
104622613,paticabezas
887778666318618626,NicolelizabethO
118411342,rodricarvajal
119214075,eduriveracortez
409458762,totoo_salazar
3044678855,RadioAndalienFM
545375697,arcos_gonzalo
384981364,BenoEspinosa
19540583,Darkenx
88974360,lMati
366933937,FDiaaz
128640041,Deniisse_30
94599096,jennimundak
126779370,maxroots1
370908018,kildergm
783719594,Lucas_Cicro
359089064,LauraPalmaRojas
59670071,juanvargasv
321676960,pascualcortes
1036296889,congresofuturo
4614066916,soyeldeivid
99393091,jsotocar
67537920,felipegonzalezf
158632568,gon089
106233753,Mrpelipe
393653795,Jotika_holayou
53216310,lfelipzuniga
327595099,epresidencial_
43957964,gonzasilvam
76525930,LuifeVB
328595748,ZurdoCruzado
202678904,lore_lolito
200332347,IgnacioCarcamoM
3447126974,I_GMakarov
979374248,buvinic36
1867762159,rcaceresv
3126308537,RocioDiazGomez2
54219527,FrancoSSM
150081722,tanqueapedales
1277620470,CJAPino
734514457532092416,juanadiazchile
31503698,MaxLuco
39481123,legally_pam
396414467,MacheteLagos
355253728,antonio_osses
33418187,lore_olivares
10381842,BastianOleaH
351972485,Fran_Bittner_G
58845687,revolucho
906150320983724038,UberConductorCL
52437425,MartinAroGreene
2999723073,gonzalezsanch17
327762560,ogaz_reyes
167173487,fegonpa
54761519,BorisRoman
903818364900007937,mejorapatapela
1268277194,Compu_TS
557450361,ChileAlzheimer
882244788082397184,atletimaetilico
114243067,Chascoon
54266966,Donporta
id,screen_name
16249508,JavierSiIva
326884492,Refust
51649452,microurbano
3337814687,elderechoalapaz
1241888064,rodxalvarez
67930417,MatiasToro
15437920,AlbertoPedro
116821130,jessy_46
535765793,constantinogue
826156629217443842,alfonsoesdepana
820340894117363713,row_alvin_
731182526,Valee_love16
616467603,NicolasMarxarc1
189017812,cstewartc
325242534,CapellanHectorP
833125469486776320,lesmilicies94
15482218,titomedinaneira
118797838,colivoro_1208
177995682,PedroDavisU
900793422700838914,AliciaRiquelmeE
64612996,Ranabaz
60993776,negroareyuna
585177092,erialberto1
1594882267,Guillermo_47
352411639,Cacerolachilena
783172309020475392,CamiloGarber
183805648,marianocasera
905411098920316929,AlacopChile
836785350022352896,RedChilean
505208012,cristian_1925
904886823171837952,rjvserey
406482741,Endeudado_UdeC
180508245,TH2O_
905176055425720320,ah144468
847858298724511750,MartinBocaz
904881520896339972,MoraPresidente
551201161,HectorP83
547912628,mbernarditavp
40511349,millanfernandez
891692053310132225,cadumarin
41909840,Albert0Millan
176158212,SergioAravenaG
860149180907565057,pulso_said
957609402,deviadunk
69366554,w_sotobruna
4257883114,BorisvanderSpek
2584409728,manuelmaxii
361277472,carlosguglielmi
2398445404,barbatto451
169183234,luis_299
826855585559826433,Huevoduro1976
524395561,LegislativoFJG
891776768285265920,SeminarioEscOGe
1329164365,anibalepm
307586944,fosforodedios
239041058,CristobalCruzZ
65443959,flawright
127626629,Gabigranero94
124032098,radiobembasound
3387403667,Adriandelmar47
172993862,vicyxan
368090766,radicalyfeliz
4920300465,DiegoIgnacioVF
1466033833,alexissoml
66768681,dariovirot
902978790430826496,rorolocoxtronic
25572212,elwerne
74654129,OLPL
763929281684643844,PoliticayRS
51182258,JuanVallejosC
3246490503,Dnegbar
723851884944056320,gosanchezgh
1849912423,Yashinextremo
628797906,CarlosArDeOli
52541876,PauValenzuela
1693667898,CapitanDarman
3847910421,rivasrobledano
171321681,JAntilC
107103256,JuanAravenaH
166286202,Politacastillor
853713492,pcabcl1
100519431,AngelaNavarret
547759880,pagesior
897822181207552000,ChileCheck
15622240,FeQuiroz
159361171,yuribascunan
1212363296,josito_cordova
834679188112175104,ivnbrsrkr
804829142,El_Laaargo
97673876,GustavoRojasM
314710585,pequeno199
894182142078574592,Constan64956825
2802723713,salvatoregm1
738060482934890496,Diegogajardo88
108787030,ClaudioNunezC
820828701659189248,elbeatdelaclase
3097266725,alvaroparrague
615068355,suarezmfelipe
2616025554,JuanAntonio38
321580695,Paulie_Alvarez
id,screen_name
2746249950,ProletarioREYES
168200327,felipeiges
93641916,GbobadillaM
239516178,javier_ipp
425954956,maidastevenson
145973212,trrbr
100309306,Suricata35
119423526,nickocapel
25423196,josehernandezp
4860712025,MH_TVN
51594799,alegaticat
54997004,PonchoTambores
408870294,ElisaAstudillo
54225604,mickelmorales
902485969357733888,AlianzaRoja17
902457085375459328,RE1441931
4755297801,mkl_03_09
126331978,respuestasvegan
107344211,joansebis
8727882,criswergara
91643631,Luis_SMV
84947717,mmbarreram
2604050355,RoArayaMiranda
902336231790567424,ChacanaGonz_UPA
1354815086,YvainEltit
751618959607230464,jupablofuentes
2871134217,pe_asta
787786296651575296,remate_a_ciegas
74015769,eduvasconet
76781202,MBL_Ccp
494329672,AgenciaDAM
2644622109,Alfredo1996Asce
206246368,sin_detalle
3082138462,solomonarca
769893218,RubenVergara11
119755664,panchilupi
3296997918,petitburgmarx
889968928147087364,stepherrera98
556729103,Carlos__Nicolas
1093337090,CooteCorrea
61060351,pjespinosa
890005026994868224,Sebbasstiann12
293219200,FelipeCoronadoS
229021236,ivandaponte
128238660,DrBenway
297036716,Panchiiiiiitaa
3345825851,RVILVE15
874288333,delacroix77
2755934187,sarahnoel27
606697266,cherreta
864264016276967425,AlNizzagh
2200109779,ayax724
1547242710,gerardillapel1
25593364,eweinste
51650922,amayarojasarnal
709675891,JorgeEduardo_PG
255232085,gahfcouk
845474259229118464,jaimeeduardo711
106205116,Mariano_R_B
75378283,sebandrescc
2662820377,drigomora
207215581,PobreDiego
2564486780,SmokeyMonkeyFS
90702070,Hucasys
317498214,nonnacorleone
251643732,AnibalMoragaF
187341721,oscarcerda56
2397208710,claaudiofk
312418752,f_canseco
126409435,Alen_El_Bueno
128064387,germanmr
784747842845933568,plomeria_fc
1917729302,colectivozudak1
834831222241124352,DGalazMandakov
823674075750993920,drortizespinoza
35290230,danielperezl
100463611,marianmor
160238990,fotogaru
107280372,ClaudiaAlamo
52410341,RolandoLoi
478858496,Pablo_Maltes
188010203,cayetana2010
204595872,rpenjim33
2811515920,asinoeslacosa
3373071507,cedescouvieres
170158946,PauliBarraza
243764464,Marchant21
875062311718989824,CamaradaQuiroz
3635655795,LaTendenciaCL
34201762,linda_alday
63106486,VicentePapic
186445538,Marcosparra__
746402052,electric97
65673406,rafacortinez
1522561610,Rojynegra
151698597,alancooperchile
327189457,Lpavlichenk
881550120956948480,Monipan_3
81256043,Marce_Nta
139128382,AntonioZamoraA
id,screen_name
179977229,pepacreus
781543717,gladysmixiamuos
891075777826967552,30k_bot
31402380,cristianseyer
55383971,mauriciooyarce
37871145,lamejorchile
438284710,juccepa
720702656885428224,PezoaDabeat
147419201,MAREVANENS
193119920,Tomas_Grez
1867647391,efrain938
104218727,dipasior
196009862,DonWeasDoctor
1323300746,JORDANYSEQUERA
64208610,cachirichi
749672917521358848,rafaelduarte666
31064011,mmleonuc
83636967,Konangen
196370518,fran_arriagad
529758404,VeronicaSnchiz
164939055,caroamaro
41920141,jmolina2009
155111194,valisticah
195161265,roloeor
32241318,_clau75
123885014,Dani_poblete_
882634758337028096,tia_lupitaC
89013165,thelmasuau
882474804200255490,GatoRoj66090988
118530957,pablocortesv
3245583461,eparralohse
35508373,fenrrix
892648852326666240,aagarfiasr
54753516,rodrigoserce
88955940,lauralbornoz
201479967,GerdLuders
282052301,fabiancarrillo7
168051469,el_abzsurdo
287915478,NachoVeraBrito
2543186703,carolin4725
569679311,JaviDelgadillo
341781825,amalialete
56122982,vmontalba
1442229685,nilzadelaparra
888804780558217217,paztillal
282117005,Danidonna
717459432389488640,Danilisioso
348131621,jos_rodrguez
411136041,ToyiCorvalan
37966869,p_diaz
702190551374946305,DusanGasicKlett
297601535,Sviatoslav_7
151480054,sergithom
749358425579094016,ERLahsen
2257120622,CDamianovic
158930979,fvbi_aa
90669312,espinoza_javier
34670137,fresi_a
18410215,georgie_boy
296852703,lascienformas
504000604,ginohenriquezc
24952459,T13
809565113900564480,gatiborito
899806456568000512,slarraing
4251039214,FachoPepe
528144400,ayala_rodolfo
38893041,fjsanti
145996780,kenichi_tsuyuki
95220882,volantinero
768609941007503361,victorSexta
853468350449627136,nightcrawleRojo
108123055,Piituv
2306666588,jesus_w_avalos
99164060,lucasizcue
37517819,jpabloveray
760252160231739392,AndresV30867246
3083728450,HasthagLucas
3344144273,feliaguilarpmp
2678109396,chocafive
100504834,cannitta
365782807,eperezf_
138154073,afrorebelde
51094578,LalaVallejos
2374243283,lauris_aj87
866823636845506560,SolounLuismas
146597683,rolodelrio
271477151,ChemaGarciaXD
80900014,Sergio_Ponce_
177588962,juanxo_10
47484480,awacateverde
741446641517989888,vaalvero
281297348,cabrerajaimee
328072347,fshinirani
815496336,DostorAp
2154104286,robertotoledou
87459392,Javitochillan
102992736,hhbarrios
48557362,minlloco
899023109222789124,satorigomez
237510400,kathy_quiroz
id,screen_name
115831021,Luxo0x0
40315199,caroaedo
3375604029,Gi0Gonzalez
1240035133,ctroncosoch
889476321449037825,PelafustanClqra
144282168,fitogarate
3818144116,pedroulloa_ar
812462023,RebecaGaeteS
106638437,drangellona
237090148,mgomeztabilo
60019512,hermesuribe
346911501,Atrix9700
156104674,eliasrojasc
2570763298,scheloxs
90022400,riverospendola
16523983,__Pris__
127557387,punKrazio
285783147,kobasanmartin
89241691,alexisinostroza
351189229,_danielim
76736675,OscarPintoG
740373066430177280,cordenesb1
821936719,glizanat
131057449,Herleonzx
118253974,patiojedamayorg
41954547,ronycastillo
607689050,renyez1
25197833,LecheConVidrios
15814088,rodrigoslay
177428541,HansCastorp_
378674834,conejovich
119225390,alanedward_sw
149005996,lagianis
303570926,Plhuuum
87442058,wsau1987
3013798103,Camilokillah
15801555,berguecio_g
127007756,OZphotograph
3299760923,7a237629b4034f5
69769332,xveraveliz
2242437397,DannyAzul76
118765017,AlvarohToro
317333774,LautaroZaidAntu
478849167,Felipe__tp
174776928,elABC1
399651191,PaulaSolisB
61861666,ASilvaD
202898862,Maurock_
66494018,LT_TCARELLI
394148386,i_stevenson
90426711,DiarioConce
121609243,panchadragonfly
93944220,unbuenladron
126690847,knaviszativa
1077280692,jorgitoelduro1
222557392,jlfeliperozas
170587765,Najiv_Aleuy
320084404,JoaquinRubioSch
2624645361,aquiCristy
1942751035,FefiGonzlezElso
856816809151954944,alejo_alediazcl
893906090139766784,DanielaMillar3
1205981743,HMirandaCoopman
2304678900,Jelvez_Mauricio
109491558,mellyvai
6529082,omaidog
3827864602,MatiasZacaria28
2544852362,BuloMonoca
92281117,issarcoiris
2268218053,videlaes
4116202521,bobadillavicto1
44688564,ChileRico
68189826,sjtkd857
3394367206,CamiMoralesD
350438627,C_Bersezio
128019269,flaneur_OC
3420390898,PabloHumanoide
57662387,MarioAntoGuzman
119119181,Chile2050
57224711,sandrivania
86333519,NicoChiessa
713822256145829890,alguiennosusa
380655511,imanujela
88917892,lucasmartineze
3182893137,SBarahona666
140870305,JELVESFERNANDEZ
706090038648504320,sinhinsultar
15210693,soylaCe
512323750,mrstonej
187677909,angelnietomarti
1316870617,joaquinmorcate
2367044786,Lilianator19
894238733951807488,MManquimil
899129479469162497,CodelcoMata
700569036,pavlichenkop
13649062,tresquintos
134673144,Dane_BS
1442481151,monycontardo
361659788,yoaldr
18356911,BaladaMental
id,screen_name
901566655,John_Ssabunnya
837666337476526080,JavieerVillalob
70066250,mauroGM_92
875864226988003329,RodriLagos
157006345,jmfpino
96576892,rafahbaquedano
812651947836764164,miguelbval97
3502785747,evdelacroix
391090210,LuisFdoHaddad
3401829461,SDPNHF
807757831,amigadeloajen0
368191836,aedoarde
869764904,RuVenJS
256251251,JorgeGoldenberg
293694615,r3trodman
170076543,CanutoRebelde
150003558,SteffanCocchi
2614636923,ruiz_andreu
250647478,Alvaro_Gut_Bo
25519523,realfxu
3353071282,GalloCosmonauta
523408012,guango_travieso
187701878,xantifakir
2555837495,VMargel
407329105,TyrandeWhisp
93297243,miguevirtual
853045835860516864,Capitan_Popeye
279172723,CRISRAEZ
1883510402,kikeleft
208777955,diaz_martin1
1647860310,julimengar
855793522775121922,varmero581
101650701,siyomiento
340747439,negracha00
180793933,Pitypunto
738773491,jlpadill
33939156,jorgemunozr
539742205,rodas_eber
188182975,ferespinosai
199165921,Lalelic
342191043,pqebustamante
95949490,Patricio_es_47
840712221848133632,jmcabezasd
2518953394,VerdugoAi
251758051,pachecoski
566779944,hectorcastrovar
361533063,isaplazav
254113967,rberrioss
70810738,3_eme
287990231,dlerdon
734908724473659392,Postenebras_lux
237703230,Super_8mm
507382163,JorgeAntonioSo2
118160356,AbogadoMendez
45523409,PabloSanmartinm
881708815409975296,greyesmaira
32368775,CALAMACOBRELOA
3171925042,victorarquitec1
90946684,Jorge_calbuco
50753709,Ed_Mercado
3210554255,Papasquiaro
721869388069105664,vitocogallardo
589783833,tatodeconcon9
2370965456,JordiLemebel
66380192,hvillagran
144660446,senutaxx
871924666394443778,EliasDeLaCruzW
1149807780,maggitoherane
1320672739,julioprecom
899593593094115328,CubaPabloG
72634267,eduardo_bombero
4210953867,SebastianAzoca7
3044967475,raqg1974
2928950470,TherealMaodark
826863954731397120,Nached_
131926758,Mirita__
779730877467287552,salathiel_
14485889,nicoolea
90247030,DiegoLovegood
447436021,alverasaa
441098062,jidelafa_kine
73003004,Solede5a7
277664351,undressrm
68468297,GoodGirl_81
424539100,CidLemun
874459495614861317,votaxninguno
1244716122,Fabiosalinasbug
61116480,apoptosiscel
2395116348,CamDegeas
711203333671886848,iorgos70
51837327,Simon_Poblete
890915320084541440,FredyCanales4
42647522,ElAnti_Fas
203258397,benjacanales
2979444617,Robykyun
3802842317,eduh2r
152455812,gabrielgalleg
582580605,carmenmassip
926405377,Psanmartin1
111059339,jorgrrno
id,screen_name
112735895,humberto_merino
169963410,matiasharz
1594187671,a_aimp
123658962,ANDnoticias
898021871706411009,AltLeftChile
153307041,durasnochacal
31027224,nuestrocanto
27168352,camiiloo_
937087260,DGiancaspero22
4694072562,feretamal_wacho
19775627,PILOSKI
782755669376106496,matiasohitc
2746261167,ipozo92
148922519,janasusu
175827108,ydpoloni
251778095,izqcristianaven
738033515338600449,Kibarra74
4872716704,BorisBriones
309746061,elchedelosgays
65632695,AkitoCL
894567518207193089,CarlosS32152074
167299349,JorgeReye5V
866495042147549184,castan_paul
863225211445010432,TuDecidesChile
177013511,ivan_zimmermann
73384936,nejimgers
893570827991609346,Cristinfuentev1
201732448,IVAN_ANTONIO
321271824,farenazul
327836273,Mavecc1
589684567,montoglio
93832739,miniarroyo_f
708388717,Drigodarkfiend
241602652,Ferojaspaez
168004012,ansalago
131894173,cbustillosmd
932482802,MulchiSeguros
571517193,yurymarn
29636024,leorissetti
362227918,AFielbaum
874392870383480834,carmenglorial66
133360877,jorgeescobarc
2798088591,AlamosMguel
615844759,LuisGoldemberg
220246400,ad1cted
891850353536270336,PaolaMarcelli2
467735444,ex_rolmedo73
143861887,cynthia_rubio
358935826,JorgeBowieElvis
890607718918213632,pueblopatriota4
881427312385957888,castec73
32901291,rgourdet
2594317033,elvozarron
92211727,benjalagos
2719883923,tangueroDF
2190740622,TonioRaul
345049468,rorrein
4558644869,LoboCharrua
837117577566564354,SimpleEncuesta
280073871,atorrejonp
705730008,BufaloMayor
1663116890,AlvaroHPieper
752666165735030788,11cefr
132388663,karen_66
26254113,fipebm
96206712,juanpablobeca
2691992675,Fer73994345
367021676,PaulinaLopezG1
148241280,hirundeto
71593449,rodrigoantonios
334219778,AndreaVerdecia
108120907,rnunezg
1164834914,ChrismorrisonV
794377449895247872,kinecsantis
90985318,Ale_Basulto
120868091,jdberriosm
106007476,quincepasos
59046039,paredestv
48904957,panchotrix
701303763,gateointenso
844383805377007616,bot_progre
760605862578778112,cvaldcort
27251269,korsakoff77
8453572,FilyFruit
38542474,Ignacio_PerezG
880150029167722497,EmaVargas11
703340497050451969,Mala_boca
868561233296994304,natalia91282343
875077251410341889,Mc_Hand1
121634772,EspacioValido
3070598260,DiegoskyT
120181036,phumanista
390435035,ali_vero
106572677,SoulStarvedLion
218339599,maarioacv
16717413,ChrisCollao
2991545476,amoree_bolche
762274043991121920,songun_jeongchi
2553606344,malir13
1898996845,Juso7076
id,screen_name
50203014,LuisLarrain
545599345,fcomontoyaf
1702262192,DgonzalezGarzon
857733100318720000,Cristin60507906
854671302472454144,KararRoyalist
354577455,nuestrocobre
4105542495,javierxalonso
52754658,juliowright
80747396,XVT_MUC
368209904,novakbustos
285302083,oscarlobost
862801056442580992,polipenguin
143214401,brauliojesus
612802244,felkisimo
858782397546057728,iustavo_colorin
443302295,roloyola_a
114736428,elenita_27
1529439518,ETobarLagos
859548779770466304,Fidel_Sama
19109970,rodrigvs
858571695216443393,FrancMatur
744538471092621312,calahuer
832188856975945728,activista7
3402860925,DonAquilesBaeza
291535698,JohanChirinos
153963007,Vzlana_Pineda
2578695066,BarAguayo
2736154193,eduardo_alonsoz
949150982,jfarias_cs
131917032,Godoylex
105010467,adac74
54600890,pablo01martinez
40139255,elrafaperez
88114328,Aitor_Achurra
70238731,femuv
197901803,bmt90
850336734512652288,IberiaSocialist
483155709,AlonsoSabio
21092615,elmontolio
104920428,Victorvargaas
3397235301,martinesconz
297017396,paltaconpan
828351841364754436,realHenryBoys
853013530072805377,RedSon28
982223120,NicoIribarrenQ
143944993,gildepanama
106476438,cataterra
3103356689,RojoGenocida
3413242006,Desde_el_B612
434520781,IvoGasicKlett
59530835,RodrigoSilvaB
84154022,PabloDelaTorreY
4413833723,JANNY197441
2597551806,DisUtopias
2544288588,caminario
354523118,mlobosg
1179325141,marcatuvoto
111996704,jaran_13
820125302,JavierNavarroja
1674327037,73yoye
2962816449,olivaresv_e
1489144932,mariela98382068
117740904,Zalo__Reyes
847837835663220736,fidelcastro414
3118321763,awrawriwrawro
3095945500,EliasLeiva19
4690234650,_BerdeconV
2984264308,rokusuh
2978898557,saramata44
167295029,JuanesconJ
4182113793,PorziaPorzia16
128307120,CalmYourDrama
127384064,NeByRu
104794237,MentecitadeTele
4585726035,DonCharleh
770358577538146304,eltapatiochile
119504801,pcap_chile
197947326,sozafelipe
358518184,_la41_
904618705,reketeloka
3111101123,lmaldonadopare1
842438448950697985,ComunistaPCAP
342288838,Cybersyn21
807079541533536256,Juegodelarazon
4397360205,ruizkarol177
447557458,fabo18azul
36569824,YerkoObilinovic
232864105,KarenConC
190374653,__pazpaz
104174507,ruizmusa
2744956976,TheDeath13169
820848226077200385,Verdad_DeChile
821513602746249216,FA_RinoIsland
1244106710,dignidad_obrera
1246324459,RemolinoPopular
820847978181263360,Los_ProletasGB
3379490699,AliciaLiraM
2705047694,izquierda_crist
814746024380133376,karlitosenamor1
769297961197207553,patobrais
id,screen_name
810272349522104320,srojaslabra
113415674,Trads2020
457003615,IturrietaR
795909280469762048,timmtweeting
2564601412,IbarrasolisP
67603363,RaulBasualto
803724334791589888,Claudio48093986
803727040033816576,Claudio67105287
803041771261460481,manditaS1991
15624258,Pancho_Acevedo
802339322200461312,Mlissany_
15392032,someoneofChile
801264849007312897,artespresidente
781635897712340992,Asesor1nversion
793926745439277056,CamaraRaw
801655966362116096,JorgeEstayO
319165115,egosamsa
544483914,GustarroOrjuice
104204810,Oliver10710
790420095197642753,ArriagadaAli
59592010,urielgonzalez
3816388475,CarlosHB89
797563494145073152,RotoDeLaFlorida
796510248357937152,Sunab8
792460156168704000,artes_teresa
32946318,VonKlugermann
120649568,renaissancebird
743760753899896832,JorgeKurov
174043738,GasparRivas
1297344277,Darwin_LeRoy
3044658093,abremollera
3028551262,colomba_roja
788733567509602304,AlPoderoso
141999560,dinkoyurac
780838230253973505,CarlosLemusCid
26743017,Devenido
780242861333876736,alebarrao
36446477,robertojimenezm
2228499827,patrmarsh
66868014,MarciaVargasS
2808313590,CongresoEd2014
217190492,ElQuillayino
267506332,allendexxi
762803779737616384,andres20ad
201517097,esilvacuadra
320011500,Kikalibertad
423863179,lorquianaprofe
960841705,KFAEuskalHerria
222323499,MonicaConCuba
129006241,MaxQuitral
606494411,Waleke18
1248475333,Jano_Oyarzun
195544164,Pato_Funk
3397053575,rarockandroll
266264950,MariaolgaPev
3068193015,infogatecl
3866187381,UPA_Maipu
486667805,DanielVera1982
771724517492322305,PBMCTrivia
758097596950974465,CarlosJofreP
702016786372415489,ivinopia
558947339,mujeres_radio
770767792069079040,valdemar_maipu
204954515,ZATALINAS
2178196697,palmillans
764116024375537664,angelicayaezro8
315418170,MagallyAvila
18434577,gaaatoso
768923768764915712,sgomezceledon
66001630,ReneLues
711979744,Isra_Yamaguchi
701969229076152320,PatoPCAP
53950253,silvamurua
219644658,profe_fabi
102979773,marcelclaude
766754125413552128,Facu_aConcejal
759447016216883200,ARecuperarLaCUT
2491913816,NicolasVargas74
157800619,borisalexisdiaz
857300486,SergioZunig
279400640,rismendi
24213923,marcelovaldes
4920001703,Carlos92_Ast
944615467,alKoba_
946227326,Ferbermello
317215861,guardiabermella
360657563,chileconvoca
735811292280328192,ChileUpa
169939900,kill_uncle
3496469839,chile_upa
